{
  "names": [
    "Momentum",
    "Value",
    "Pairs",
    "ML",
    "MeanRevSR",
    "Neural",
    "Inventor",
    "TrendPB",
    "SqueezeBO",
    "Micro",
    "LGBM"
  ],
  "raw": [
    5.217803005087853,
    0.19112156926492072,
    0.1555760490604289,
    0.1533066056835941,
    5.1873985617685054,
    0.3808219999771464,
    2.053761380022716,
    0.15577653653287826,
    0.7255425723443154,
    0.15790731010267792,
    0.5457131076680605
  ],
  "perf_ema": [
    -0.011929936747294081,
    0.0026657713300764297,
    0.002573266598452793,
    0.002575669504292021,
    -0.01292283625314587,
    0.002943419920986117,
    0.0027324618978879544,
    0.002574322545332753,
    0.0031233360555086107,
    0.0025829429702418976,
    0.0030815821776613867
  ]
}