{
  "names": [
    "Momentum",
    "Value",
    "Pairs",
    "ML",
    "MeanRevSR",
    "Neural",
    "Inventor",
    "TrendPB",
    "SqueezeBO",
    "Micro",
    "LGBM"
  ],
  "raw": [
    309.1877238194224,
    0.26859139469514753,
    0.2228791526316048,
    0.21967015659149544,
    5.848716051072408,
    0.5016927731436649,
    2.268324626809463,
    0.22314828390478947,
    0.8993644901583308,
    0.2257877587579139,
    0.6918288787174667
  ],
  "perf_ema": [
    0.003930116990526951,
    -0.002580783991543482,
    -0.0030855273767033693,
    -0.003094373045577612,
    0.006987261548923675,
    -0.0008719523377779217,
    0.003945128772685524,
    -0.003084788978207732,
    0.0007462926272928773,
    -0.0030357224336493454,
    0.00014434822403043505
  ]
}