{
  "names": [
    "Momentum",
    "Value",
    "Pairs",
    "ML",
    "MeanRevSR",
    "Neural",
    "Inventor",
    "TrendPB",
    "SqueezeBO",
    "Micro",
    "LGBM"
  ],
  "raw": [
    307.0458661536403,
    0.23457951342086966,
    0.1927619479396267,
    0.1899540222616584,
    6.145178023044938,
    0.45290052885135806,
    2.2475000161581145,
    0.1929974728587949,
    0.8377107423565868,
    0.19546602598812687,
    0.6369451367568365
  ],
  "perf_ema": [
    0.002343391026489629,
    -0.0015378708125476557,
    -0.0018386100668913732,
    -0.0018438805467819986,
    0.00416301990928977,
    -0.0005197044086638239,
    0.00235043797233059,
    -0.0018381701098369263,
    0.0004444880868687405,
    -0.0018089349847068804,
    8.583393444993028e-05
  ]
}