{
  "names": [
    "Momentum",
    "Value",
    "Pairs",
    "ML",
    "MeanRevSR",
    "Neural",
    "Inventor",
    "TrendPB",
    "SqueezeBO",
    "Micro",
    "LGBM"
  ],
  "raw": [
    5.961542315234369,
    0.20828637872497316,
    0.17015994728552583,
    0.16766758146881058,
    6.114056448591041,
    0.41015433893243036,
    2.1521636454923714,
    0.17037259283313172,
    0.773032314056172,
    0.1726472364724355,
    0.5837252260509543
  ],
  "perf_ema": [
    0.0041717715156306704,
    -0.0012994417936677595,
    -0.0014825306018253627,
    -0.0014798332410934072,
    0.0030037568444947218,
    -0.000687204896221741,
    0.0011312411489569766,
    -0.0014805753831974471,
    -9.258810209564243e-05,
    -0.001464294916585636,
    -0.00032030057439537125
  ]
}