{
  "names": [
    "Momentum",
    "Value",
    "Pairs",
    "ML",
    "MeanRevSR",
    "Neural",
    "Inventor",
    "TrendPB",
    "SqueezeBO",
    "Micro",
    "LGBM"
  ],
  "raw": [
    5.957206661027667,
    0.21113104205748576,
    0.17257805616935593,
    0.17005012140971215,
    6.128364213159966,
    0.4149939194528469,
    2.166078722055816,
    0.17279270713798756,
    0.7807703431750153,
    0.17509108542103416,
    0.5899547741933698
  ],
  "perf_ema": [
    0.0034911364092350262,
    -0.0011985416968293566,
    -0.0013898493593861275,
    -0.0013920308296428837,
    0.002598222737879012,
    -0.0005510685845683532,
    0.0012802003751285537,
    -0.001387769970874539,
    7.175293233947503e-05,
    -0.0013704523368971058,
    -0.00015159967638369928
  ]
}