{
  "names": [
    "Momentum",
    "Value",
    "Pairs",
    "ML",
    "MeanRevSR",
    "Neural",
    "Inventor",
    "TrendPB",
    "SqueezeBO",
    "Micro",
    "LGBM"
  ],
  "raw": [
    1.0004768185442168,
    1.0018893078653395,
    1.0012581680716557,
    0.9984058266349393,
    0.9987936078204986,
    1.001766390266066,
    0.9972691481731464,
    1.0014946271847107,
    1.0013691839522934,
    0.9996622275297478,
    0.998808438953617
  ],
  "perf_ema": [
    1.1173902668594878e-05,
    5.4026787243606e-05,
    3.487897089235488e-05,
    -5.165778782835652e-05,
    -3.989284634646675e-05,
    5.029766184534397e-05,
    -8.614381489230853e-05,
    4.205278876624864e-05,
    3.82470291157622e-05,
    -1.3539808029591725e-05,
    -3.944288343519803e-05
  ]
}