{
  "names": [
    "Momentum",
    "Value",
    "Pairs",
    "ML",
    "MeanRevSR",
    "Neural",
    "Inventor",
    "TrendPB",
    "SqueezeBO",
    "Micro",
    "LGBM"
  ],
  "raw": [
    306.458229451023,
    0.23289779797164115,
    0.19129732592207277,
    0.18850930707667593,
    6.15121676658466,
    0.45031182266497577,
    2.243874629702239,
    0.1915311824185096,
    0.8340762630434887,
    0.19398913200709308,
    0.6338553108524548
  ],
  "perf_ema": [
    0.0020939575863565788,
    -0.0014738215172373898,
    -0.0017655385939507958,
    -0.0017706509594447024,
    0.0040560424829449125,
    -0.00048620010547007305,
    0.0022978380040945086,
    -0.0017651118356079823,
    0.00044906661519651436,
    -0.0017367537642318377,
    0.00010117208735026847
  ]
}