{
  "names": [
    "Momentum",
    "Value",
    "Pairs",
    "ML",
    "MeanRevSR",
    "Neural",
    "Inventor",
    "TrendPB",
    "SqueezeBO",
    "Micro",
    "LGBM"
  ],
  "raw": [
    3.40849588090965,
    0.19853571436594744,
    0.1614970757254462,
    0.15915055377545378,
    3.3750808147644933,
    0.39594688360699243,
    2.0420009181926098,
    0.1617069231315635,
    0.7518639315154639,
    0.1639321128106797,
    0.5669416279565884
  ],
  "perf_ema": [
    -0.04634460962742997,
    0.011496963197303162,
    0.011523064264608023,
    0.011530751957967864,
    -0.04558518484347167,
    0.011160628997276939,
    0.002304694616294634,
    0.011523315306792507,
    0.010129797111926069,
    0.011524069441737906,
    0.01073650957699454
  ]
}